"Id","SalePrice"
"1461",125066.327074146
"1462",166168.449163809
"1463",173270.501165505
"1464",185749.752501713
"1465",197981.683329391
"1466",174841.778465378
"1467",166591.136976867
"1468",166633.857842613
"1469",200511.953922203
"1470",111400.870454533
"1471",202443.107830827
"1472",123843.071124309
"1473",116634.93164709
"1474",166630.510851403
"1475",139751.415302023
"1476",348307.933218896
"1477",246555.923721184
"1478",312125.623383481
"1479",303669.040027498
"1480",410131.82996104
"1481",294789.231110004
"1482",209082.24954611
"1483",175430.419538233
"1484",175081.664082786
"1485",186367.376665705
"1486",202554.861718893
"1487",328051.151836113
"1488",251164.787274989
"1489",186094.864643949
"1490",224711.8341559
"1491",197264.401955061
"1492",112054.498261694
"1493",187768.74042648
"1494",291906.606361304
"1495",297117.6663888
"1496",236505.405978767
"1497",196236.669296651
"1498",173425.457934649
"1499",174218.30638636
"1500",161104.756971051
"1501",174692.020719736
"1502",166312.608875867
"1503",279463.155740263
"1504",231149.234351137
"1505",211834.162213988
"1506",193347.318971581
"1507",238310.901349559
"1508",201962.452818681
"1509",167824.967811861
"1510",144241.469467262
"1511",147284.717384545
"1512",166770.068847649
"1513",167457.993869937
"1514",179173.948065039
"1515",212488.482868095
"1516",165480.109659904
"1517",173119.353715178
"1518",155957.096926962
"1519",212847.085420059
"1520",135561.88169806
"1521",141102.379705963
"1522",181198.140517659
"1523",114154.761588971
"1524",124392.20400887
"1525",123140.285779997
"1526",123282.046933503
"1527",102372.920487821
"1528",149764.232011731
"1529",137275.873094842
"1530",181715.2220694
"1531",131999.307886627
"1532",108784.82985829
"1533",142774.560906511
"1534",142120.640108035
"1535",163820.637245783
"1536",123184.22042482
"1537",66748.8924248206
"1538",188012.426019557
"1539",217112.778160038
"1540",158752.135955825
"1541",156264.531586597
"1542",155046.402998961
"1543",209390.901840678
"1544",81854.9199364546
"1545",129833.724769478
"1546",143740.756319669
"1547",141840.144092795
"1548",145491.362935699
"1549",117483.085502187
"1550",143540.239881907
"1551",141750.306034602
"1552",142095.808501982
"1553",154985.93601041
"1554",135331.826695578
"1555",173660.057879044
"1556",117671.052516914
"1557",141042.48512986
"1558",122050.764835397
"1559",125997.325223332
"1560",151363.258786301
"1561",160209.059843891
"1562",125271.712943972
"1563",120829.957046878
"1564",170356.642405155
"1565",150526.279737061
"1566",224509.648031947
"1567",84291.4638097561
"1568",208587.055515848
"1569",131809.539897459
"1570",146177.432851433
"1571",130135.57168451
"1572",144462.653381372
"1573",235037.952285724
"1574",140024.635477549
"1575",222878.330901209
"1576",209462.163718288
"1577",185547.099720374
"1578",149922.249134024
"1579",140327.476696091
"1580",198982.976416136
"1581",136573.785960316
"1582",122062.867034951
"1583",291915.520825229
"1584",222735.757515293
"1585",146791.553172389
"1586",63740.4528855674
"1587",109588.378207108
"1588",152370.019439176
"1589",108179.257466285
"1590",151541.238798307
"1591",94739.1456646987
"1592",139062.543783865
"1593",128092.792621233
"1594",161888.00327255
"1595",140605.488326082
"1596",222610.915547403
"1597",182910.098638938
"1598",194628.720966245
"1599",197938.540837947
"1600",191404.439701316
"1601",42654.3394275893
"1602",135673.794650795
"1603",92066.725123411
"1604",265665.37972432
"1605",262124.218810543
"1606",170354.032150271
"1607",205305.899335335
"1608",221105.30262893
"1609",183639.878225205
"1610",145337.044135052
"1611",144317.914897884
"1612",185105.358638394
"1613",159630.395014249
"1614",134211.725437118
"1615",95641.6815426515
"1616",93410.3227620539
"1617",101708.503133832
"1618",123589.772696652
"1619",124014.895113916
"1620",195906.358762194
"1621",143907.678729407
"1622",145852.001261648
"1623",257541.795724233
"1624",207071.688245852
"1625",135999.34694514
"1626",179369.354773067
"1627",186155.238766466
"1628",288223.693338544
"1629",187993.522009727
"1630",317273.115525172
"1631",207337.654978312
"1632",230833.456597253
"1633",179802.652208325
"1634",186438.936194032
"1635",176568.237623864
"1636",160491.804413822
"1637",179306.747418623
"1638",209560.546056793
"1639",186809.111360339
"1640",247803.612275692
"1641",192253.13241711
"1642",237543.861706531
"1643",227688.457130533
"1644",227050.450734377
"1645",183881.857082557
"1646",161393.442270832
"1647",178047.093839697
"1648",133668.476998247
"1649",129985.267545624
"1650",109802.664863939
"1651",110052.700642896
"1652",125494.617127543
"1653",123974.641896549
"1654",165853.380247768
"1655",163232.163702151
"1656",163628.973862045
"1657",166580.59418457
"1658",166359.399424537
"1659",146563.875888451
"1660",149973.24884126
"1661",393491.971310702
"1662",365472.646158527
"1663",355855.111555471
"1664",429685.217413033
"1665",323803.836446418
"1666",316399.784533301
"1667",347384.452815629
"1668",337099.294000416
"1669",312243.462361667
"1670",341760.036655425
"1671",233697.856685806
"1672",379964.42347264
"1673",278984.633405507
"1674",251847.318318715
"1675",186843.575546534
"1676",186294.110670801
"1677",204325.011795425
"1678",416809.827131135
"1679",350459.800552021
"1680",314552.646200875
"1681",278113.488621473
"1682",300583.510928403
"1683",193204.797569723
"1684",188992.870400645
"1685",175357.521921026
"1686",182476.388942199
"1687",181204.280493313
"1688",198196.666889369
"1689",196965.945997933
"1690",197892.906403014
"1691",187984.392760927
"1692",286331.006936628
"1693",180467.68566398
"1694",177604.88238259
"1695",175864.596631494
"1696",270207.260487609
"1697",175918.022702878
"1698",327201.338216112
"1699",293791.445763258
"1700",243848.806529618
"1701",265687.0430997
"1702",256096.679565267
"1703",252957.393063214
"1704",272563.178660633
"1705",240162.493917734
"1706",387792.892580361
"1707",217843.471201389
"1708",195366.515705244
"1709",265768.716483494
"1710",216877.052583822
"1711",280175.152465715
"1712",237592.776697808
"1713",272570.282718462
"1714",211405.620206794
"1715",202304.629567381
"1716",183986.923588556
"1717",178092.765835117
"1718",151351.815959756
"1719",211342.848390219
"1720",255406.044576794
"1721",178459.820899172
"1722",135768.609308503
"1723",154165.565706156
"1724",222707.208398758
"1725",229307.326912056
"1726",182134.33533115
"1727",169026.627370466
"1728",187663.725288657
"1729",160645.936075537
"1730",178993.870146333
"1731",120094.123475831
"1732",124872.132761662
"1733",122423.292461995
"1734",126740.311925229
"1735",130645.930118348
"1736",113757.888762905
"1737",301425.89158651
"1738",226564.371848081
"1739",290546.763249824
"1740",199663.092053734
"1741",183771.474179199
"1742",175158.924245479
"1743",188107.214227026
"1744",277948.489252598
"1745",210015.789383517
"1746",240272.071180862
"1747",223043.752280314
"1748",222242.280572127
"1749",153047.034126385
"1750",159479.748181224
"1751",232297.114670504
"1752",118982.636779263
"1753",155390.014107411
"1754",216538.178250891
"1755",174459.689755725
"1756",110032.891919083
"1757",114310.910217285
"1758",162127.9736554
"1759",168526.201977611
"1760",155590.808887948
"1761",158945.747489199
"1762",179401.14395697
"1763",184768.216552509
"1764",116286.025120124
"1765",196042.265065081
"1766",182313.548705543
"1767",204394.982124972
"1768",138656.807554512
"1769",184190.624047736
"1770",151260.13766606
"1771",133609.232679588
"1772",143709.095208765
"1773",123430.956149981
"1774",170317.80758726
"1775",140186.853001616
"1776",124569.311700349
"1777",111596.299010971
"1778",140083.753054029
"1779",120385.257710766
"1780",185844.398700015
"1781",130729.874138433
"1782",75403.6535809908
"1783",142267.326488649
"1784",98389.3464094799
"1785",136208.33897411
"1786",171400.96598789
"1787",183842.85779625
"1788",43807.1486394124
"1789",107990.161718713
"1790",67617.2979479617
"1791",239306.552306199
"1792",161658.471713852
"1793",158287.470413847
"1794",153535.089644748
"1795",145110.417844494
"1796",142906.353283396
"1797",149594.66785514
"1798",119291.329496631
"1799",105901.509752629
"1800",126157.124186646
"1801",126889.698726758
"1802",162188.803681748
"1803",170220.710871948
"1804",136168.99969401
"1805",148683.737675082
"1806",145819.537464828
"1807",171226.899958743
"1808",126347.754539694
"1809",128245.921031518
"1810",141549.31312454
"1811",120736.911132432
"1812",120137.225397563
"1813",130312.459143039
"1814",84647.0580604919
"1815",36287.7638280765
"1816",98238.8098094656
"1817",123595.154691335
"1818",185954.252782742
"1819",160521.754388898
"1820",79280.904344298
"1821",145653.728219782
"1822",179091.728292779
"1823",56205.0350641016
"1824",151029.900555558
"1825",141553.515304322
"1826",110851.237741124
"1827",113531.038099997
"1828",141540.75487009
"1829",128402.903485559
"1830",161683.182287356
"1831",181955.037107729
"1832",152409.429949003
"1833",168652.768683938
"1834",144908.513336221
"1835",176933.58304526
"1836",156840.572943303
"1837",91923.5211628112
"1838",141875.00278533
"1839",87349.1389625949
"1840",154164.699416043
"1841",152057.938695936
"1842",112038.269044294
"1843",139432.468986809
"1844",153599.438544322
"1845",155291.649454707
"1846",156587.926512019
"1847",172319.222161011
"1848",40773.4767847689
"1849",114127.732171207
"1850",124968.474988505
"1851",164403.686595184
"1852",126110.676999737
"1853",137257.936732927
"1854",174453.555464415
"1855",168490.663084077
"1856",216300.396090212
"1857",166601.68238056
"1858",172962.202636694
"1859",137919.870339165
"1860",162164.145469316
"1861",136879.654470677
"1862",289013.486735349
"1863",287660.393994849
"1864",287673.178578965
"1865",343573.151656794
"1866",343332.582044165
"1867",244927.077682147
"1868",280348.882275268
"1869",202879.939070798
"1870",237831.178877409
"1871",276279.118719712
"1872",173458.49552282
"1873",221065.410870918
"1874",137827.486004656
"1875",202240.843844598
"1876",191092.754738536
"1877",210396.594787812
"1878",203849.030291695
"1879",128386.480909464
"1880",127873.388942009
"1881",252553.084775467
"1882",243887.864411248
"1883",199619.053935932
"1884",208979.881446053
"1885",240641.616290352
"1886",282606.369101413
"1887",208401.571510982
"1888",268062.524285603
"1889",171140.388264253
"1890",121096.576780663
"1891",156485.383758387
"1892",98847.6652881857
"1893",145099.74041093
"1894",152486.279804005
"1895",156149.481635644
"1896",137784.489787722
"1897",138755.590787336
"1898",134531.074606714
"1899",153033.084923375
"1900",153224.824687171
"1901",156868.325577866
"1902",144946.588324193
"1903",220823.91511685
"1904",130051.374960949
"1905",174206.649855407
"1906",158530.340873697
"1907",201258.394064507
"1908",133774.175169034
"1909",152459.146854096
"1910",143307.148607433
"1911",193608.409867429
"1912",277073.923540386
"1913",167360.125485179
"1914",70978.7952688013
"1915",293755.090137886
"1916",52993.7373290432
"1917",265239.496988681
"1918",146787.128483621
"1919",172258.055108112
"1920",168156.085415464
"1921",370573.941785533
"1922",336926.956369026
"1923",208897.745050778
"1924",215807.638996527
"1925",213308.399462316
"1926",365826.604746471
"1927",131461.714495294
"1928",161072.364277079
"1929",118288.987456019
"1930",143081.394110678
"1931",137792.581067787
"1932",141196.313415577
"1933",176657.775697301
"1934",183766.09522507
"1935",170402.94102718
"1936",190170.357817499
"1937",179156.430291795
"1938",164764.912722496
"1939",254777.501182175
"1940",195149.072989587
"1941",178053.415125653
"1942",182627.717961704
"1943",212675.11868599
"1944",332724.866250708
"1945",353209.661415583
"1946",178441.207570117
"1947",299081.576315383
"1948",182496.08776201
"1949",239552.598436898
"1950",187296.200452721
"1951",249170.687947811
"1952",223799.766032657
"1953",169619.189992497
"1954",206511.348834388
"1955",136959.299725593
"1956",282529.482336605
"1957",170230.429962167
"1958",289358.844605178
"1959",158276.872354161
"1960",105125.318153793
"1961",118393.561146079
"1962",127786.800924138
"1963",129233.621781198
"1964",127396.093058669
"1965",158405.483606341
"1966",159393.941207997
"1967",282442.891287711
"1968",367076.541365505
"1969",358513.197668395
"1970",386413.870546741
"1971",386968.073329543
"1972",354085.219138124
"1973",271087.395826657
"1974",326529.640373323
"1975",417671.072338292
"1976",261409.437506297
"1977",331037.096334898
"1978",332834.556790599
"1979",313106.145666898
"1980",195318.824386788
"1981",341159.827131623
"1982",217448.037641502
"1983",208211.885284632
"1984",190531.446609453
"1985",240933.553861537
"1986",236663.181197303
"1987",191859.190916975
"1988",176655.29429373
"1989",200755.434287666
"1990",213564.701563507
"1991",203286.350718319
"1992",214842.745713744
"1993",185110.841721996
"1994",239040.93812714
"1995",191731.703217926
"1996",255320.89308702
"1997",340128.773716355
"1998",306435.058166278
"1999",272700.895136542
"2000",296086.622020307
"2001",267396.822316322
"2002",267835.257236674
"2003",259966.25875662
"2004",264493.309882866
"2005",245280.430301202
"2006",208438.293787783
"2007",252496.011106654
"2008",192157.98338903
"2009",185318.991202356
"2010",197558.504991974
"2011",155974.271556593
"2012",179272.462655786
"2013",180377.427019664
"2014",186801.1105403
"2015",201900.211145068
"2016",188863.648362586
"2017",201382.697042949
"2018",123771.782311085
"2019",132886.89273582
"2020",123278.750601757
"2021",115269.804376291
"2022",185087.353769994
"2023",159662.584533494
"2024",253964.201501367
"2025",320370.205103418
"2026",181330.865727879
"2027",159869.286696276
"2028",181336.829185238
"2029",170789.787863898
"2030",266295.516210591
"2031",252327.180915583
"2032",276819.179668187
"2033",262601.389785596
"2034",185151.832024113
"2035",209081.194550186
"2036",212491.811867093
"2037",215826.885934636
"2038",310559.109536468
"2039",212852.276803716
"2040",322192.778135772
"2041",262817.877707365
"2042",204947.062984976
"2043",174221.067729318
"2044",189415.232823203
"2045",205223.419502871
"2046",158182.345156545
"2047",148370.538350589
"2048",131042.629977361
"2049",166045.709665517
"2050",189412.548955523
"2051",105944.928603213
"2052",127674.35128981
"2053",138758.899069379
"2054",84877.9478923536
"2055",160512.002110768
"2056",140186.431229924
"2057",123953.760381545
"2058",205737.202343939
"2059",141940.679753349
"2060",163677.901308068
"2061",181913.717868475
"2062",133827.253572521
"2063",111097.74251859
"2064",135992.420494268
"2065",123541.94209103
"2066",182623.191535579
"2067",149654.864299632
"2068",168455.725408159
"2069",84951.3397270065
"2070",114979.845049988
"2071",90043.9430727054
"2072",153353.330526134
"2073",135139.252534193
"2074",186249.77941525
"2075",161155.220273496
"2076",120794.318567248
"2077",140048.867045879
"2078",125724.294942247
"2079",148946.442151342
"2080",128767.267044806
"2081",147960.387882707
"2082",159380.723413335
"2083",149080.001817307
"2084",106478.835444163
"2085",124692.118027947
"2086",142836.56123299
"2087",133332.439662945
"2088",125132.543125721
"2089",90014.0676429975
"2090",151917.158940898
"2091",118120.695223246
"2092",130116.655358458
"2093",170726.550805687
"2094",150207.77381591
"2095",166517.652030413
"2096",94270.6532268841
"2097",106350.479444194
"2098",173094.418244667
"2099",32110.803743242
"2100",106347.333491468
"2101",139939.744722456
"2102",155640.276877979
"2103",105967.704185079
"2104",174395.482607012
"2105",133209.730164245
"2106",69776.6512707838
"2107",217117.952247958
"2108",118916.640671868
"2109",109245.831568886
"2110",134852.07479156
"2111",169461.402432299
"2112",151104.103094803
"2113",130966.781136697
"2114",132264.795334628
"2115",171229.273598094
"2116",117068.745907772
"2117",159468.878721184
"2118",142985.556459156
"2119",121158.432034719
"2120",122944.846791784
"2121",96327.1991125488
"2122",97194.1321777818
"2123",95026.5606106777
"2124",194480.329990828
"2125",156416.562708074
"2126",171215.466453806
"2127",175958.905017159
"2128",147582.604513281
"2129",116214.422698548
"2130",153756.272819588
"2131",178579.381413375
"2132",125738.071458151
"2133",131771.767215654
"2134",137392.675244417
"2135",100275.913696519
"2136",86479.7086611243
"2137",126770.897779499
"2138",136307.238467925
"2139",156738.050725559
"2140",135784.903243018
"2141",152958.822383566
"2142",126742.420635095
"2143",135240.561652885
"2144",137890.522111467
"2145",131845.442095639
"2146",168148.579432388
"2147",176386.961354064
"2148",161143.764978675
"2149",157323.262220019
"2150",212813.475584262
"2151",144673.94728623
"2152",180598.54121839
"2153",162955.906826782
"2154",119325.795936968
"2155",153109.57062474
"2156",249550.132943242
"2157",221768.703564357
"2158",227416.991488065
"2159",214497.311034961
"2160",185096.663809372
"2161",252615.520940944
"2162",367780.353878063
"2163",343340.107407658
"2164",258659.162316399
"2165",184503.904363759
"2166",139223.127935077
"2167",215328.055575356
"2168",192421.905458667
"2169",201258.750030548
"2170",214978.646687193
"2171",143336.719780266
"2172",138245.224659637
"2173",155598.752054832
"2174",229158.233198269
"2175",289317.104695584
"2176",308190.089414526
"2177",235954.739032475
"2178",220930.633001985
"2179",146951.780741171
"2180",243816.583586108
"2181",195501.326456293
"2182",231632.165610526
"2183",193480.727747667
"2184",131682.021963104
"2185",135245.770857643
"2186",162207.162310463
"2187",155618.840834708
"2188",163234.569615985
"2189",290891.166999817
"2190",91749.8795863231
"2191",92037.7054935848
"2192",92091.8778884674
"2193",134949.192638471
"2194",110974.327728082
"2195",105557.269409812
"2196",126680.448956295
"2197",118839.651194612
"2198",167133.397522995
"2199",180703.711009396
"2200",145645.592092055
"2201",142817.634985353
"2202",195308.692507114
"2203",159506.620481583
"2204",174476.657137097
"2205",127962.970295615
"2206",145587.508206237
"2207",210723.776664169
"2208",222220.743377433
"2209",198051.228601296
"2210",138492.881148557
"2211",126779.804057659
"2212",132197.712703837
"2213",110883.118962776
"2214",152001.990801109
"2215",106903.534256512
"2216",164120.500540581
"2217",43412.5040982881
"2218",96468.3738650703
"2219",93113.2067542215
"2220",85364.6349584766
"2221",294423.819396436
"2222",269177.454333768
"2223",287157.864415853
"2224",230779.014816683
"2225",153227.6905573
"2226",173326.198668372
"2227",202918.41076663
"2228",285269.574042105
"2229",234821.581660135
"2230",144824.261331194
"2231",221001.795881762
"2232",177085.135973493
"2233",183122.048294506
"2234",247448.861845313
"2235",226927.840560419
"2236",245672.0908829
"2237",313747.157963871
"2238",205152.273973493
"2239",131973.066941485
"2240",182793.581482613
"2241",158360.096677373
"2242",131550.288870554
"2243",140970.111225683
"2244",104573.021561279
"2245",109980.390313384
"2246",142522.322937928
"2247",132628.056413982
"2248",118753.487669755
"2249",126665.287493797
"2250",129322.60842404
"2251",159074.955894233
"2252",187467.703633153
"2253",158347.055935884
"2254",174542.123696738
"2255",190796.474035388
"2256",190618.497979022
"2257",207897.321344967
"2258",171853.581932314
"2259",174570.429689129
"2260",159562.955073801
"2261",196171.27393898
"2262",218799.176223924
"2263",337910.927420389
"2264",378759.677161562
"2265",205127.642076188
"2266",295910.732447342
"2267",312840.967299043
"2268",372979.340678465
"2269",162916.848487187
"2270",191831.541846485
"2271",219083.830359605
"2272",210843.889353126
"2273",164658.075380999
"2274",178094.418943131
"2275",174127.924584748
"2276",195743.566647277
"2277",194179.064092424
"2278",153467.46117714
"2279",142004.723719465
"2280",104350.421287422
"2281",174584.51050078
"2282",187640.61693638
"2283",131586.389296619
"2284",155790.888230423
"2285",161029.44373042
"2286",127520.283939647
"2287",347498.36718637
"2288",279876.547044409
"2289",309837.467174844
"2290",394074.099353625
"2291",326128.904832242
"2292",385511.324169992
"2293",405495.094807521
"2294",367998.889044001
"2295",397594.316464256
"2296",254342.529154715
"2297",333442.475389707
"2298",335653.938292054
"2299",333183.600162082
"2300",315843.720006028
"2301",299904.352272
"2302",247428.768017195
"2303",228847.964864747
"2304",254577.578572596
"2305",185316.141159083
"2306",187159.568211025
"2307",185794.387220362
"2308",221103.05246376
"2309",295151.319377011
"2310",207031.603296069
"2311",204759.049547234
"2312",177614.127608168
"2313",178202.273180525
"2314",182190.460925329
"2315",176254.038333666
"2316",208343.851800959
"2317",179853.276378027
"2318",173188.618246642
"2319",184776.483541831
"2320",183744.551587191
"2321",261899.467180982
"2322",185723.679152356
"2323",191459.71546762
"2324",184096.033595042
"2325",205078.21911282
"2326",182480.944120287
"2327",211682.561954714
"2328",220792.180539569
"2329",186367.772673022
"2330",178592.688237004
"2331",326373.588689738
"2332",378544.162486135
"2333",314516.060046727
"2334",271668.664311225
"2335",280284.477652824
"2336",315153.621239108
"2337",193303.959933019
"2338",263060.661028982
"2339",220436.003043816
"2340",374250.208517653
"2341",204416.276802201
"2342",224405.074486458
"2343",214229.30394825
"2344",236894.8403738
"2345",253644.551370068
"2346",206583.417819701
"2347",190410.596712575
"2348",224712.476277605
"2349",164274.116968373
"2350",305856.154468831
"2351",251195.81288935
"2352",254053.888318958
"2353",251497.417674406
"2354",146502.832173659
"2355",169674.661363942
"2356",155488.879674226
"2357",198083.936097374
"2358",192910.097518824
"2359",151925.398915032
"2360",117390.517867968
"2361",137247.52792153
"2362",252658.731118339
"2363",143338.205336804
"2364",166221.827473053
"2365",218206.937973762
"2366",191648.232033571
"2367",215153.315217139
"2368",223963.426872091
"2369",215140.490469316
"2370",172620.79243199
"2371",176605.727301873
"2372",189805.404812419
"2373",273043.956059087
"2374",295879.82848091
"2375",225911.372657335
"2376",263027.46338198
"2377",303660.446960813
"2378",144157.875604949
"2379",218003.176655794
"2380",152862.460092852
"2381",167101.193514389
"2382",197497.057121159
"2383",200431.637735458
"2384",229590.364563267
"2385",156301.368206862
"2386",144649.521637752
"2387",135363.352783622
"2388",129886.137217506
"2389",131218.770604931
"2390",137062.343995187
"2391",135255.787157217
"2392",112052.226612929
"2393",174276.85492734
"2394",152819.718128968
"2395",200420.183010334
"2396",158243.5689411
"2397",203744.638268404
"2398",119817.401946486
"2399",68700.8819408862
"2400",59047.5500038582
"2401",112633.441446868
"2402",128824.070941819
"2403",181990.912876558
"2404",144201.89128999
"2405",162061.301383822
"2406",146383.100936566
"2407",129649.382692166
"2408",133270.638727528
"2409",130887.481199971
"2410",193212.205843439
"2411",118919.113116825
"2412",154993.666654161
"2413",133441.666821604
"2414",155376.982107291
"2415",151908.251160474
"2416",135204.927524249
"2417",133958.42670935
"2418",121609.881489312
"2419",132174.900278959
"2420",130105.718895579
"2421",143241.797959357
"2422",119008.050608835
"2423",124081.53327819
"2424",166810.990211084
"2425",254298.48431437
"2426",133140.900298081
"2427",133104.079570278
"2428",190444.820458086
"2429",113372.713790124
"2430",142865.909792601
"2431",134036.452090927
"2432",134437.518308192
"2433",138282.906373512
"2434",140464.019743705
"2435",160408.608915481
"2436",103369.05509515
"2437",111099.097953529
"2438",125725.965202694
"2439",117072.760175097
"2440",141945.611430186
"2441",121363.623594928
"2442",111852.801378036
"2443",120708.591789176
"2444",128547.097608762
"2445",91314.655609286
"2446",128479.238513512
"2447",204260.632067413
"2448",157385.787098601
"2449",115490.591040578
"2450",161014.276807266
"2451",137391.848612154
"2452",211212.761758297
"2453",87299.7721535607
"2454",117815.794965608
"2455",124475.144438418
"2456",141099.692577041
"2457",127503.072612307
"2458",139615.522699136
"2459",106068.154944553
"2460",149328.246978538
"2461",121198.30403421
"2462",136013.026081612
"2463",125286.136862406
"2464",188389.503213144
"2465",146317.940686024
"2466",127516.865335222
"2467",167116.429955894
"2468",106838.459808741
"2469",112497.352734146
"2470",202431.580921032
"2471",206308.378483759
"2472",192362.670509693
"2473",118904.737097203
"2474",114518.103053609
"2475",220256.992527647
"2476",129001.036162693
"2477",128775.571780527
"2478",165010.892555118
"2479",114332.943459315
"2480",146295.538611988
"2481",125360.050198508
"2482",127283.574990328
"2483",115433.855326218
"2484",121363.222463598
"2485",119215.37001994
"2486",153314.051984314
"2487",204034.46694252
"2488",170800.04256421
"2489",168821.595114061
"2490",144582.220329466
"2491",94998.5824206282
"2492",178158.484864815
"2493",148136.621053604
"2494",167243.514686753
"2495",109240.645207043
"2496",225561.375553982
"2497",168021.908105072
"2498",115071.385135678
"2499",97185.0301379099
"2500",130767.917671003
"2501",141164.614773339
"2502",160096.351700571
"2503",114779.755616596
"2504",192377.508203199
"2505",217775.366935038
"2506",254652.497538981
"2507",279981.51190509
"2508",255017.72200954
"2509",229827.056631986
"2510",220757.269348443
"2511",184963.140221664
"2512",212593.382413762
"2513",215770.651591554
"2514",231195.410137922
"2515",143696.103400115
"2516",165530.564630845
"2517",133133.541861353
"2518",141543.550333512
"2519",224609.443655675
"2520",210284.772740122
"2521",197602.90941216
"2522",218919.810394029
"2523",126195.009762658
"2524",134794.135742708
"2525",140109.900414824
"2526",138241.544022096
"2527",120490.707705772
"2528",121187.649965209
"2529",148725.849791392
"2530",111027.937350409
"2531",236975.148476626
"2532",223529.575169495
"2533",199734.100279141
"2534",232298.066254112
"2535",274723.641726015
"2536",231671.952727146
"2537",227403.541424603
"2538",188317.733642643
"2539",189790.938105999
"2540",176601.013938423
"2541",191533.816438455
"2542",158986.255796752
"2543",139988.008506961
"2544",113766.424660801
"2545",138402.898418387
"2546",148211.984844171
"2547",151704.051431251
"2548",171837.523151643
"2549",154932.81514474
"2550",605326.886132765
"2551",157621.903344528
"2552",124772.023874431
"2553",94221.870032543
"2554",120678.718308917
"2555",126411.232417579
"2556",98829.6437607299
"2557",104827.883576903
"2558",186409.342505464
"2559",138967.866564524
"2560",146162.375313641
"2561",150840.660632607
"2562",142870.452795144
"2563",151078.348580798
"2564",182843.367309232
"2565",122277.825550642
"2566",145458.99220248
"2567",134378.719149831
"2568",193227.252088034
"2569",188620.406335155
"2570",138667.288856231
"2571",162730.781935303
"2572",184279.422228896
"2573",213039.883520668
"2574",262471.348133411
"2575",144288.144050993
"2576",140804.51154658
"2577",161932.9612616
"2578",93055.879689806
"2579",47618.5017710594
"2580",153739.288772184
"2581",126662.430479231
"2582",130432.516572452
"2583",245301.31606998
"2584",174119.242809019
"2585",197737.987050896
"2586",214669.358243728
"2587",205835.69320743
"2588",150150.738511875
"2589",155467.817732907
"2590",210068.544141693
"2591",205561.311662966
"2592",208522.064727721
"2593",245943.372908467
"2594",177707.447303585
"2595",225015.03225499
"2596",282383.842251812
"2597",204854.304205349
"2598",257981.408146331
"2599",353066.819420108
"2600",147638.389763047
"2601",159793.592451465
"2602",100589.997804119
"2603",99363.7005887513
"2604",97585.0823066169
"2605",99505.9864941
"2606",145118.866332239
"2607",187982.037861901
"2608",195514.46592211
"2609",151522.696953943
"2610",113308.546146706
"2611",154219.917445299
"2612",151645.718716641
"2613",120824.131852864
"2614",124035.194969954
"2615",155499.538994067
"2616",152413.5859744
"2617",211757.922991033
"2618",220704.988093361
"2619",207944.614015489
"2620",177816.984282765
"2621",176998.035375365
"2622",181691.13024016
"2623",238649.087703398
"2624",266291.233483752
"2625",274224.302838783
"2626",165409.766105354
"2627",182090.325132414
"2628",378404.20364455
"2629",418331.346322794
"2630",329352.110780002
"2631",396779.136908247
"2632",356221.960867937
"2633",287410.354431564
"2634",365730.787536857
"2635",162014.503989474
"2636",197821.704356659
"2637",210790.765340298
"2638",241521.420517012
"2639",192055.157188453
"2640",154257.498233323
"2641",102672.160272134
"2642",189640.526144734
"2643",131009.589600067
"2644",141749.746255575
"2645",127678.140390806
"2646",123719.694598317
"2647",131916.312692975
"2648",152957.005925481
"2649",146338.658636534
"2650",154251.922202886
"2651",160021.653666022
"2652",370239.355897244
"2653",254567.028723779
"2654",263753.040122494
"2655",360684.218163098
"2656",303332.053871017
"2657",324562.475811289
"2658",289879.170762854
"2659",306776.147274169
"2660",334248.406063974
"2661",332500.270891434
"2662",349901.247494256
"2663",273587.460392179
"2664",289384.474659744
"2665",322585.380975954
"2666",277387.498093359
"2667",173934.349655239
"2668",187739.709229323
"2669",173514.232403053
"2670",275613.302104036
"2671",187337.513123618
"2672",194899.42847013
"2673",208251.252073182
"2674",207731.376060489
"2675",182376.409045365
"2676",196962.342463958
"2677",197694.153873684
"2678",254690.322937906
"2679",281326.997027447
"2680",290019.20316106
"2681",385391.338830713
"2682",312260.786355456
"2683",418377.762181115
"2684",308804.51940848
"2685",312262.274894794
"2686",238074.989199172
"2687",298491.453551752
"2688",214693.391798375
"2689",202608.893556138
"2690",379991.255443463
"2691",186120.601791436
"2692",151549.770132685
"2693",195280.822205956
"2694",152122.311928149
"2695",197677.242009286
"2696",191586.806592971
"2697",185908.666102993
"2698",189640.750366402
"2699",183413.59732208
"2700",165116.114616681
"2701",159892.574154011
"2702",123457.724279199
"2703",156920.310299065
"2704",147634.024188761
"2705",125059.78824431
"2706",116289.418896823
"2707",119370.024525289
"2708",130418.366129066
"2709",116352.590345338
"2710",127369.80458283
"2711",282504.096852542
"2712",363699.50578016
"2713",180041.746082656
"2714",170667.701801965
"2715",173993.867500869
"2716",163876.94629644
"2717",195922.882215339
"2718",220518.472778252
"2719",147243.343444472
"2720",178700.982402854
"2721",135182.434942906
"2722",161066.196610231
"2723",156703.82605038
"2724",130385.517467658
"2725",131415.375521024
"2726",139471.405358593
"2727",187106.152691747
"2728",166487.092505318
"2729",146009.763946648
"2730",140019.880368046
"2731",126608.797077305
"2732",119952.05899618
"2733",162072.679997825
"2734",154236.895008848
"2735",137525.66950999
"2736",150744.823102388
"2737",120451.400629188
"2738",156408.14969623
"2739",170101.29938216
"2740",136642.552407147
"2741",147589.016655181
"2742",158908.465842479
"2743",146965.614370396
"2744",159745.383232637
"2745",151483.480743921
"2746",132110.38623163
"2747",157087.101328282
"2748",124800.250203358
"2749",127615.799895716
"2750",123207.613200353
"2751",124438.256226019
"2752",243324.280816893
"2753",157701.529198894
"2754",255383.546491084
"2755",146212.373307243
"2756",76731.6929691242
"2757",72374.8156722543
"2758",81343.1186986266
"2759",158462.911344999
"2760",139563.948532998
"2761",152435.570220386
"2762",155474.900220733
"2763",197740.814724768
"2764",168951.670244225
"2765",253100.861391064
"2766",135556.802224994
"2767",77239.0274350146
"2768",144849.034970978
"2769",135401.758044318
"2770",163281.37483174
"2771",115913.044928154
"2772",124877.481527669
"2773",164470.919757386
"2774",147423.485802221
"2775",134725.564095759
"2776",152241.916012974
"2777",159692.357823228
"2778",135983.449178339
"2779",141812.75421434
"2780",126632.660381131
"2781",97577.7941748996
"2782",89504.7714174962
"2783",88053.3166802889
"2784",121149.73531401
"2785",135346.451711392
"2786",51874.323222786
"2787",137101.715599707
"2788",69022.707553944
"2789",197967.003190558
"2790",108130.295565795
"2791",117744.998305223
"2792",81912.4716794057
"2793",172225.431898014
"2794",89475.974978622
"2795",124809.693673933
"2796",100754.933982137
"2797",221730.208470691
"2798",112189.476142499
"2799",126350.36394924
"2800",92991.6880159958
"2801",127175.528731305
"2802",141114.411988049
"2803",191945.850423084
"2804",144267.866068131
"2805",106924.67446352
"2806",102705.433597414
"2807",168570.167794915
"2808",140780.024241007
"2809",136768.698970397
"2810",131667.258470269
"2811",153021.701992555
"2812",164629.690704088
"2813",182789.112379807
"2814",186772.119880328
"2815",113614.750347274
"2816",222686.074286491
"2817",133520.907529966
"2818",121392.127891473
"2819",188464.369687516
"2820",133741.379611586
"2821",126345.464312466
"2822",211122.115426783
"2823",291066.548698299
"2824",176411.166518256
"2825",143953.198405983
"2826",128648.099043027
"2827",164111.045283433
"2828",248305.471228112
"2829",184501.689945346
"2830",241286.601972743
"2831",187910.855210405
"2832",227046.060907489
"2833",306525.41884037
"2834",215602.777349412
"2835",218881.199361088
"2836",195156.385704916
"2837",175679.214557561
"2838",137745.090421935
"2839",175752.703724474
"2840",197579.637613508
"2841",205580.799328404
"2842",219348.73449701
"2843",157122.018024493
"2844",186652.602050735
"2845",117778.50788348
"2846",207781.417761818
"2847",190753.011138242
"2848",217643.438946559
"2849",207949.554265444
"2850",278066.854375401
"2851",222528.596629188
"2852",243420.127717999
"2853",224963.172512017
"2854",147297.18195105
"2855",203742.730769237
"2856",201882.320444059
"2857",194920.799840358
"2858",200670.408961604
"2859",122520.512603476
"2860",150840.735553716
"2861",143827.718041246
"2862",203717.754186457
"2863",142671.733081848
"2864",256631.131098765
"2865",156485.383758387
"2866",192868.710846054
"2867",91153.2471314041
"2868",141566.038128845
"2869",127720.528520319
"2870",144433.194872197
"2871",112399.398588474
"2872",36556.6521778011
"2873",111491.85587687
"2874",151498.705107264
"2875",151494.099643523
"2876",179159.292441859
"2877",146477.109710963
"2878",173102.831029687
"2879",149024.265969023
"2880",127110.138296827
"2881",157178.406599177
"2882",158875.932766828
"2883",188421.376042704
"2884",209069.831355934
"2885",168216.89458255
"2886",201833.097186049
"2887",111678.247934039
"2888",141835.227031644
"2889",67668.376947387
"2890",74369.4992057189
"2891",161088.234120547
"2892",57693.5946088602
"2893",128239.72205395
"2894",63515.7287736687
"2895",292382.171029399
"2896",267822.204393172
"2897",206732.98357617
"2898",180659.488423641
"2899",233705.691335508
"2900",159734.833845615
"2901",213206.42902308
"2902",188690.027666139
"2903",310295.712944506
"2904",329058.800232484
"2905",80508.328744837
"2906",204131.118638574
"2907",126277.163246665
"2908",122838.364263964
"2909",192762.709532472
"2910",80044.0934051683
"2911",100583.08721811
"2912",147379.105505851
"2913",102315.708263505
"2914",93281.0948036915
"2915",93422.7618168695
"2916",100687.597908271
"2917",161673.691825863
"2918",124680.564473941
"2919",242424.713643324
